How do you prefer to start your day: with exercise, coffee, or something else?
If a friend was going to throw food at you, what would you choose?
If from now on you can only eat one type of food, what would it be?
If you could eliminate one food from existence, which would it be?
If you could have a dinner party with any three chefs, who would they be?
If you could only eat one food for the rest of your life, what would it be?
If you had a magical tree that grew any food you wanted, what would you grow?
If you had to eat only one cuisine for a month, which would you choose?
If you had to pick one food to eat for the rest of your life, what would it be?
Name a city with amazing street food.
Name a dish that always reminds you of home.
Name a dish that reminds you of home.
Name a dish that's perfect for a cold day.
Name a dish that's perfect for a festive occasion.
Name a dish you always order at a restaurant.
Name a dish you’d like to learn to cook.
Name a drink that you think is overrated.
Name a drink that you think is refreshing.
Name a fast-food chain.
Name a food beginning with H
Name a food commonly associated with breakfast.
Name a food kids love to eat for breakfast.
Name a food that always makes you feel nostalgic.
Name a food that is better fried.
Name a food that reminds you of your childhood.
Name a food that you think is perfect for breakfast.
Name a food that you think is too spicy.
Name a food that you think is underrated.
Name a food that's best enjoyed hot.
Name a food that's perfect for a barbecue.
Name a food that’s perfect for a picnic.
Name a food that’s perfect for sharing.
Name a food you can eat at any time of the day.
Name a food you could never get tired of eating.
Name a food you hated as a kid but now love.
Name a food you might eat at Thanksgiving
Name a food you might eat at a baseball game.
Name a food you think everyone should try.
Name a food you think is overrated.
Name a fruit that you think is underappreciated.
Name a fruit you might eat for breakfast.
Name a fruit you might eat in the morning
Name a fruit you would never put on a pizza.
Name a popular candy bar
Name a popular ice cream flavor.
Name a popular type of pie
Name a tree that has fruit on it.
Name a type of cake
Name a type of cheese.
Name a type of drink you might order at a coffee shop.
Name a type of seafood.
Name a vegetable that kids refuse to eat
Name a vegetable you actually enjoy eating.
Name a vegetable you enjoy in a salad.
Name a vegetable you might put in a salad.
Name a vegetable you think is underrated.
Tell me the most important meal of the day.
What is the best fruit?
What is the best part of a Sunday lunch?
What is the best pizza topping?
What is the best soup?
What is the best type of chocolate: white, milk or dark?
What is the stickiest food?
What is your favorite thing to put ketchup on?
What kind of food would you like to take a bath in?
What's your favorite type of bread?
What's your favorite type of cheese?
What's your favorite type of fruit juice?
What's your favorite type of sandwich?
What's your favorite type of soup?
What’s a food you didn’t like as a child but enjoy now?
What’s the best breakfast cereal?
What’s the best breakfast drink?
What’s the best breakfast food?
What’s the best breakfast pastry?
What’s the best candy?
What’s the best comfort food?
What’s the best dessert to have on a hot day?
What’s the best dessert?
What’s the best fast-food burger?
What’s the best fast-food chain?
What’s the best ice cream flavor?
What’s the best ice cream sundae topping?
What’s the best ice cream topping?
What’s the best kind of pie?
What’s the best movie snack?
What’s the best non-alcoholic drink?
What’s the best pizza chain?
What’s the best pizza topping?
What’s the best place to get coffee?
What’s the best salad dressing?
What’s the best sandwich filling?
What’s the best soft drink?
What’s the best thing to do at a BBQ?
What’s the best thing to drink in the morning?
What’s the best thing to put on toast?
What’s the best type of bread?
What’s the best type of breakfast food?
What’s the best type of cake?
What’s the best type of cheese?
What’s the best type of chocolate?
What’s the best type of coffee?
What’s the best type of cookie?
What’s the best type of cuisine?
What’s the best type of pasta?
What’s the best type of soup?
What’s the best vegetable?
What’s the best way to end a meal?
What’s the best way to enjoy a cup of coffee?
What’s the most delicious dessert?
What’s the most expensive meal you’ve ever had?
What’s the most memorable meal you’ve had?
What’s the most unusual food you’ve tried and liked?
What’s the worst food combination?
What’s your favorite candy?
What’s your favorite comfort food and why?
What’s your favorite dessert?
What’s your favorite dish to cook at home?
What’s your favorite fast food restaurant?
What’s your favorite holiday food?
What’s your favorite pizza topping?
What’s your favorite snack for a movie night?
What’s your favorite snack?
What’s your favorite type of cheese?
What’s your favorite type of cuisine?
What’s your favorite type of pasta?
What’s your favorite type of sandwich?
Which country’s cuisine would you like to explore more?
Which dish do you think represents your personality best?
Which fast food chain do you think is the best?
Which fruit do you think is the messiest to eat?
Which ingredient do you think can improve any dish?
Which is the best candy to get on Halloween?
Which is the most comforting food?
Which is the most delicious fruit?
Which is the most overrated food?
Which meal of the day do you look forward to the most?
Which restaurant would you recommend to someone visiting your city?
Which vegetable do you dislike the most?
Which would take the longest: eating 1,000 grains of basmati rice with chopsticks or swimming 1,000 metres?
Would you rather have ice cream,cake or cookies?
