"If you could mass-ban one practice from software engineering, what would it be?"
"If you could mass-delete one thing from all codebases everywhere, what would it be?"
"If you could mass-fix one thing about JavaScript, what would it be?"
"Name a thing that, when broken in production, causes the most panic."
"What is the first thing that comes to mind when someone says ""legacy code""?"
A profession in tech that starts with the letter D.
How many Git branches does a typical developer have locally?
How many Slack workspaces is a typical developer in?
How many cups of coffee does a programmer drink per day?
How many mechanical keyboards does a developer own?
How many monitors does a developer actually need?
How many side projects does the average developer have unfinished?
How many tabs does a developer typically have open?
How many unread emails does a typical developer have?
If you could mass-add one course to every computer science degree
If you could mass-add one feature to Git
If you could mass-add one feature to every IDE
If you could mass-add one feature to every programming language
If you could mass-add one thing to every code review checklist
If you could mass-ban one coding practice from all repositories
If you could mass-change one thing about how companies hire developers
If you could mass-delete one file from every repository
If you could mass-delete one type of meeting from your calendar
If you could mass-eliminate one step from the CI pipeline
If you could mass-fix one thing about CSS
If you could mass-fix one thing about Python
If you could mass-fix one thing about TypeScript
If you could mass-gift one book to every developer
If you could mass-give one superpower to every developer
If you could mass-install one tool on every developer's machine
If you could mass-migrate one thing in every codebase
If you could mass-refactor one antipattern from every codebase
If you could mass-remove one step from technical interviews
If you could mass-remove one technology from existence
If you could mass-remove one thing from every Jira board
If you could mass-rename one programming concept to something clearer
If you could mass-revert one technology decision from your past
If you could mass-rewrite one piece of software from scratch
If you could mass-send one message to every product manager
If you could mass-simplify one AWS service
If you could mass-standardize one thing across all programming languages
If you could mass-teach one concept to every non-technical manager
If you could mass-teach one thing to every recruiter
If you could mass-teleport to any tech company's office
If you could mass-unsubscribe from one type of GitHub notification
If you could mass-upgrade one part of the developer experience
Name a CI/CD tool.
Name a JavaScript framework.
Name a Linux distribution.
Name a classic algorithm every programmer should know.
Name a cloud service.
Name a command you run in the terminal every day.
Name a command-line tool every developer should know.
Name a common Docker Compose service name.
Name a common Git command.
Name a common Terraform resource type.
Name a common architectural pattern for distributed systems.
Name a common developer coping mechanism.
Name a common developer guilty pleasure.
Name a common developer superpower.
Name a common error message.
Name a common variable name.
Name a container registry.
Name a data structure.
Name a database.
Name a design pattern.
Name a developer influencer on social media.
Name a developer tool that starts with the letter G.
Name a developer tool you could not live without.
Name a famous algorithm.
Name a famous bug in computing history.
Name a famous computer science concept named after a person.
Name a famous computer science paper.
Name a famous open source maintainer.
Name a famous open source project.
Name a famous programmer.
Name a famous tech CEO.
Name a framework that has too many versions.
Name a game engine that indie developers love.
Name a keyboard shortcut every programmer knows.
Name a metric that engineering managers care about too much.
Name a mobile app that developers use daily.
Name a mobile development framework.
Name a popular API that developers use.
Name a popular developer YouTube channel.
Name a programmer stereotype.
Name a programming concept that took you the longest to understand.
Name a programming language created in the 1990s.
Name a programming language that is great for functional programming.
Name a programming language that is making a comeback.
Name a programming language that is perfect for building robots.
Name a programming language that is surprisingly fun to learn.
Name a programming language that looks like magic to non-programmers.
Name a programming language that people love to hate.
Name a programming language that starts with the letter C.
Name a programming language that will still be popular in 50 years.
Name a programming language used in AI and machine learning.
Name a programming language with a mascot.
Name a programming language you would never want to use at work.
Name a programming paradigm.
Name a reason a deployment fails.
Name a reason a developer quits their job.
Name a reason developers love working from home.
Name a reason developers mass-archive Jira tickets.
Name a reason developers mass-attend conferences.
Name a reason developers mass-attend tech meetups.
Name a reason developers mass-build their own tools instead of buying them.
Name a reason developers mass-collect stickers for their laptops.
Name a reason developers mass-ignore emails.
Name a reason developers mass-rewrite projects instead of fixing them.
Name a reason developers mass-skip lunch.
Name a reason developers mass-start side projects in January.
Name a reason developers mass-switch to a new framework.
Name a reason developers mass-watch conference talks at 2x speed.
Name a secret weapon in a developer's productivity toolkit.
Name a skill that separates a good developer from a great one.
Name a sorting algorithm.
Name a task developers always underestimate.
Name a task that should be automated but most teams still do manually.
Name a tech buzzword.
Name a tech company everyone wants to work at.
Name a tech company founded in a garage.
Name a tech company that has the best engineering culture.
Name a tech company that makes the best developer tools.
Name a tech conference.
Name a tech podcast every developer has heard of.
Name a tech skill that will still be relevant in 20 years.
Name a tech topic that starts the most heated debates.
Name a tech trend that will be forgotten in 5 years.
Name a technology that hype killed.
Name a text editor that is not VS Code.
Name a thing developers mass-hoard but never use.
Name a thing every developer has mass-bookmarked but never read.
Name a thing every developer hoards in their bookmarks.
Name a thing every developer mass-stars on GitHub but never uses.
Name a thing every developer wants in their next job.
Name a thing every developer's mechanical keyboard has.
Name a thing every junior developer mass-bookmarks.
Name a thing every principal engineer has strong opinions about.
Name a thing every programmer has mass-copy-pasted from Stack Overflow.
Name a thing every side project has in common.
Name a thing that every Slack workspace has too many of.
Name a thing that every code review comment section has.
Name a thing that every developer mass-pins in Slack.
Name a thing that every developer mass-searches for at least once a month.
Name a thing that every developer secretly automates at home.
Name a thing that every developer wants but their company will not buy.
Name a thing that every developer's IDE has too many of.
Name a thing that every developer's browser has too many of.
Name a thing that every developer's dotfiles repository has.
Name a thing that every developer's home lab runs.
Name a thing that every developer's home setup is missing.
Name a thing that every developer's standing desk has on it.
Name a thing that every engineering team's wiki has too many of.
Name a thing that every intern gets assigned on their first week.
Name a thing that every legacy codebase has lurking inside it.
Name a thing that every mid-level developer wants to learn next.
Name a thing that every project's backlog has too many of.
Name a thing that every staff engineer talks about at meetings.
Name a thing that makes a codebase immediately feel abandoned.
Name a thing that makes a codebase immediately feel professional.
Name a thing that makes a developer immediately mass-trust a library.
Name a thing that makes a developer mass-rage-quit a codebase.
Name a thing that makes a developer mass-smile during code review.
Name a thing that makes a hackathon project win.
Name a thing that makes a tech talk immediately boring.
Name a thing that makes a technical interview immediately go badly.
Name a thing that senior developers say that scares junior developers.
Name a tool every backend developer should master.
Name a tool every data engineer swears by.
Name a tool every frontend developer should know.
Name a tool that every DevOps engineer uses.
Name a tool that has the steepest learning curve.
Name a type of software testing.
Name a version control platform.
Name a website every developer has visited.
Name a website for practicing coding challenges.
Name an HTTP status code.
Name something developers bring to a hackathon.
Name something developers do instead of writing documentation.
Name something developers secretly enjoy about their job.
Name something every developer does when their code finally compiles.
Name something every developer has in their Downloads folder.
Name something every developer has in their terminal history.
Name something every developer has mass-accidentally pushed to production.
Name something every developer has mass-committed by accident.
Name something every developer's VS Code has installed.
Name something every developer's desk has on it.
Name something every developer's home office has.
Name something every developer's manager does not understand.
Name something every developer's terminal prompt has.
Name something every hackathon team builds.
Name something every junior developer does on their first day.
Name something every open source project's README promises but never delivers.
Name something in a typical sprint ceremony.
Name something programmers Google every single time.
Name something programmers complain about.
Name something programmers drink too much of.
Name something that belongs in a .gitignore file.
Name something that belongs in every developer's dotfiles.
Name something that burns out developers the fastest.
Name something that every developer has mass-Googled at 2 AM.
Name something that every developer wishes they learned in school.
Name something that every developer's .bashrc contains.
Name something that every tutorial project builds.
Name something that happens in every daily standup.
Name something that makes a code review take forever.
Name something that makes a developer feel like a genius.
Name something that makes a developer mass-celebrate at work.
Name something that makes a developer mass-quit Slack channels.
Name something that makes a developer mass-update their LinkedIn profile.
Name something that makes a pull request instantly get rejected.
Name something that makes an open source contribution get rejected.
Name something that slows down a computer.
Name something that triggers imposter syndrome in developers.
Name something that would make a developer mass-delete their notifications.
Name something that would make a programmer mass-close their laptop.
Name something you always forget when setting up a new development machine.
Name something you find in a config file.
Name something you see in every developer's GitHub profile.
Name the first thing that breaks when you upgrade a dependency.
What color theme do most programmers use?
What is the best AI coding assistant?
What is the best Docker base image?
What is the best Kafka topic naming convention word?
What is the best Nginx configuration directive?
What is the best Redis use case?
What is the best advice for someone starting their first programming job?
What is the best board game for programmers?
What is the best browser for web development?
What is the best code editor?
What is the best coding challenge website?
What is the best day of the week for deployments?
What is the best developer T-shirt slogan?
What is the best developer swag item?
What is the best emoji to react to a deployment notification?
What is the best excuse for a missed deadline?
What is the best excuse for writing bad code?
What is the best font for coding?
What is the best free resource for learning to code?
What is the best language for building websites?
What is the best language for data science?
What is the best laptop brand for developers?
What is the best laptop screen size for coding?
What is the best music genre to code to?
What is the best operating system for programming?
What is the best perk of working at a tech company?
What is the best programming language for a beginner?
What is the best programming language for building CLI tools?
What is the best programming language for building microservices?
What is the best programming language for embedded systems?
What is the best programming language for financial applications?
What is the best programming language for game development?
What is the best programming language for getting a job?
What is the best programming language for prototyping quickly?
What is the best programming language for writing automation tests?
What is the best programming language for writing scripts?
What is the best programming language to learn first?
What is the best programming-related joke topic?
What is the best programming-related wallpaper for your desktop?
What is the best snack for a coding session?
What is the best thing about Friday deployments?
What is the best thing about attending a hackathon?
What is the best thing about being a junior developer?
What is the best thing about being a senior developer?
What is the best thing about code pairing with someone more experienced?
What is the best thing about contributing to open source?
What is the best thing about functional programming?
What is the best thing about remote pair programming?
What is the best thing about working in tech?
What is the best thing about working with a great engineering team?
What is the best time of day to write code?
What is the best way to celebrate a successful deployment?
What is the best way to explain your job to a non-technical person?
What is the best way to handle a production outage at 3 AM?
What is the best way to handle merge conflicts?
What is the best way to learn programming?
What is the best way to learn system design?
What is the best way to mass-celebrate shipping a big feature?
What is the best way to mass-document a complex system?
What is the best way to mass-onboard new developers to a large codebase?
What is the best way to mass-review a large codebase?
What is the best way to name a boolean variable?
What is the best way to stay healthy as a programmer?
What is the first file you create in a new project?
What is the first programming concept you teach a complete beginner?
What is the first thing a developer checks when the app is down?
What is the first thing you do when starting a new project?
What is the funniest error message you have ever seen?
What is the funniest programming meme topic?
What is the hardest part about naming things in code?
What is the hardest programming language to learn?
What is the most annoying Slack notification for developers?
What is the most annoying thing about programming?
What is the most beautiful programming language syntax?
What is the most beautiful website a developer has ever built?
What is the most clickbait-y tech article title?
What is the most common New Year's resolution for a developer that fails by February?
What is the most common New Year's resolution for programmers?
What is the most common Slack status for a developer?
What is the most common Stack Overflow question topic?
What is the most common argument in an architecture review?
What is the most common developer superstition?
What is the most common excuse for not writing tests?
What is the most common excuse when code does not work?
What is the most common first program someone writes?
What is the most common lie on a developer's resume?
What is the most common misconception non-programmers have about coding?
What is the most common mistake in a system design interview?
What is the most common reason a build fails?
What is the most common reason a developer mass-refreshes a CI pipeline page?
What is the most common reason developers mass-switch programming languages.
What is the most common regret developers have about their career?
What is the most common side project that never gets finished?
What is the most common thing a developer mass-automates with a shell script?
What is the most common thing a developer says after a production incident?
What is the most common thing a product manager asks a developer?
What is the most common thing developers automate at home?
What is the most common thing developers mass-debate about on Twitter?
What is the most common thing developers mass-lie about in standups?
What is the most common thing developers mass-procrastinate by doing.
What is the most common thing written on a developer's whiteboard?
What is the most common type of tech debt?
What is the most confusing Kubernetes concept?
What is the most confusing programming concept?
What is the most confusing thing about cloud computing?
What is the most confusing thing about networking for developers?
What is the most cringe-worthy thing in tech culture?
What is the most dreaded part of a code review?
What is the most frustrating thing about Kubernetes?
What is the most fun programming language to write?
What is the most iconic programming book?
What is the most important developer soft skill?
What is the most important skill for a programmer besides coding?
What is the most important thing in a good README?
What is the most important thing in clean code?
What is the most impressive mass-refactoring you have seen?
What is the most impressive thing to see on a developer's GitHub?
What is the most impressive thing you can build in a weekend?
What is the most overengineered thing programmers do?
What is the most overrated programming language?
What is the most overused design pattern?
What is the most overused emoji in developer Slack channels?
What is the most overused tech buzzword?
What is the most overused variable name in tutorials?
What is the most overused word in tech job postings?
What is the most painful database migration experience?
What is the most pointless argument programmers have?
What is the most pointless metric in software development?
What is the most ridiculous tech startup idea you can think of?
What is the most satisfying command to run in a terminal?
What is the most satisfying thing about programming?
What is the most satisfying type of refactoring?
What is the most stressful part of a developer's job?
What is the most underrated developer tool?
What is the most underrated programming language?
What is the most useful browser extension for developers?
What is the most useful programming language?
What is the most useless feature in any programming language?
What is the worst code smell?
What is the worst coding habit that developers have?
What is the worst day to deploy to production?
What is the worst meeting a developer has to attend?
What is the worst naming convention you have ever seen in a codebase?
What is the worst onboarding experience for a new developer?
What is the worst part about learning DevOps?
What is the worst part about learning a new programming language?
What is the worst part about on-call rotations?
What is the worst part about scaling a database?
What is the worst programming language for beginners?
What is the worst take-home coding assignment you can imagine?
What is the worst thing about GraphQL?
What is the worst thing about Mondays for a developer?
What is the worst thing about OAuth implementation?
What is the worst thing about REST API versioning?
What is the worst thing about WebSocket implementations?
What is the worst thing about YAML configuration files?
What is the worst thing about database indexing?
What is the worst thing about debugging CSS layouts?
What is the worst thing about event-driven architecture?
What is the worst thing about implementing authentication from scratch?
What is the worst thing about maintaining a monorepo?
What is the worst thing about managing npm dependencies?
What is the worst thing about microservices?
What is the worst thing about multi-cloud architecture?
What is the worst thing about pair programming?
What is the worst thing about serverless architecture?
What is the worst thing about system design interviews?
What is the worst thing about technical interviews?
What is the worst thing about whiteboard interviews?
What is the worst thing about working with time zones in code?
What is the worst thing about writing documentation for APIs?
What is the worst thing about writing regex?
What is the worst thing about writing unit tests?
What is the worst type of bug to debug?
What is the worst type of technical debt?
What is the worst variable name you can think of?
What would you name your first startup?
What would you name your programming blog?
Why do programmers prefer dark mode?
