If you could live in any city in the world for a year, where would it be?
If you could visit any country, which would you choose?
Name a big city in the United States.
Name a city famous for its nightlife.
Name a city known for its street food.
Name a city with an iconic skyline.
Name a city with rich history you'd like to explore.
Name a city you want to visit.
Name a city you’d love to live in.
Name a country famous for its beer.
Name a country in Europe.
Name a country in Southeast Asia.
Name a country known for its ancient ruins.
Name a country known for its food.
Name a country known for its hospitality.
Name a country known for its safari.
Name a country known for its wine.
Name a country that speaks Spanish?
Name a country with amazing landscapes.
Name a country you would move to if you had to leave yours.
Name a country you'd recommend to a first-time traveler.
Name a country you’d like to learn more about.
Name a famous beach destination.
Name a famous bridge.
Name a famous castle you'd like to visit.
Name a famous desert.
Name a famous landmark people visit in Paris.
Name a famous landmark you’d like to see.
Name a famous landmark you’ve visited.
Name a famous mountain people like to climb.
Name a famous national park.
Name a famous river people cruise on.
Name a famous train journey.
Name a famous volcano you'd like to see.
Name a famous waterfall.
Name a historical landmark you'd like to visit.
Name a language useful to know when traveling.
Name a place you’d like to visit before you die.
Name a popular Vacation destination
Name a popular tourist city in Asia.
Name a tropical island destination.
Name a world wonder.
Name a world-famous museum.
Name something you always do on the first day of a trip.
Name something you do to pass time on a long flight.
What country would you go to for a honeymoon?
What is the most English country that isn't England?
What is the most beautiful country in the world?
What is the most underrated travel destination?
What is the most visited city in the world?
What's the best airline in the world?
What's the best thing about backpacking?
What's the best thing about staying in a hotel?
What's the best thing about traveling solo?
What's the best thing about traveling with friends?
What's the best travel hack you know?
What's the most stressful part of air travel?
What's the scariest thing about traveling?
What's the worst travel experience you've heard of?
What's your favorite thing about city life?
What's your favorite thing about the countryside?
What’s a travel experience that you would never want to repeat?
What’s the best city to live in?
What’s the best genre of books to read on vacation?
What’s the best mode of transport?
What’s the best place to go on vacation?
What’s the best place to see in your city?
What’s the best thing about a road trip?
What’s the best thing to do on a road trip?
What’s the best travel advice you’ve ever received?
What’s the best type of vacation?
What’s the best way to start a vacation?
What’s the best way to travel?
What’s the first thing you pack when preparing for a trip?
What’s the most iconic landmark?
What’s the most memorable souvenir you’ve ever brought back from a trip?
What’s the worst thing to forget when traveling?
What’s your favorite mode of transportation when traveling?
What’s your favorite travel destination and why?
Which city has the best public transport?
Which city is known for its architecture?
Which city is known for its fashion?
Which country do you think has the friendliest people?
Which country has the best beaches?
Which country has the best public transport?
Which country has the most beautiful coastline?
Which country is the safest to travel alone?
Which historical site would you most like to visit?
Which is the best holiday destination?
Which is the most beautiful city you’ve visited?
Which is the most educational trip you’ve taken?
Which is the most impressive mountain you've seen?
Which is the most overrated tourist attraction?
Which is the most picturesque countryside you've visited?
Which is the most romantic city in the world?
Which is the most scenic route you've traveled?
Which landmark left you awestruck?
Which season do you prefer for traveling, and why?
Which travel destination would you never return to, and why?
Which travel experience has taught you the most about yourself?
