category,word
Action,Arm wrestling
Action,Balancing
Action,Biting
Action,Bouncing
Action,Braiding
Action,Breathing heavily
Action,Brushing teeth
Action,Bubbling
Action,Burping
Action,Cannonball splash
Action,Catching
Action,Chewing
Action,Chopping
Action,Clicking
Action,Clinking glasses
Action,Clucking tongue
Action,Coughing
Action,Cracking knuckles
Action,Crawling
Action,Crumpling paper
Action,Crushing a can
Action,Crying
Action,Dancing
Action,Dicing
Action,Digging
Action,Dipping
Action,Dragging
Action,Dribbling
Action,Drilling
Action,Dropping
Action,Drumming
Action,Dusting
Action,Eating chips
Action,Fanning
Action,Finger painting
Action,Flicking
Action,Flipping a coin
Action,Flipping pages
Action,Flossing
Action,Folding
Action,Galloping
Action,Gargling
Action,Gasping
Action,Grating cheese
Action,Grinding
Action,Groaning
Action,Growling
Action,Grunting
Action,Gulping
Action,Hammering
Action,Head banging
Action,Hiccupping
Action,High fiving
Action,Hopping
Action,Hula hooping
Action,Humming
Action,Hushing
Action,Inflating
Action,Ironing
Action,Jogging
Action,Juggling
Action,Jumping
Action,Karate chopping
Action,Kicking
Action,Kneading dough
Action,Kneeling
Action,Knocking
Action,Lacing shoes
Action,Laughing
Action,Leaping
Action,Licking
Action,Lifting weights
Action,Limping
Action,Marching
Action,Massaging
Action,Miming
Action,Moaning
Action,Mopping
Action,Mumbling
Action,Nibbling
Action,Nodding
Action,Opening a can
Action,Painting
Action,Panting
Action,Patting
Action,Pedaling
Action,Peeling
Action,Picking
Action,Pinching
Action,Plucking
Action,Plunging
Action,Pointing
Action,Polishing
Action,Popping
Action,Pouring
Action,Praying
Action,Pressing buttons
Action,Pulling
Action,Pumping
Action,Punching
Action,Pushing
Action,Putting on gloves
Action,Racing
Action,Raking
Action,Reaching
Action,Rinsing
Action,Ripping
Action,Rocking
Action,Rolling
Action,Rolling dice
Action,Rowing
Action,Rubbing hands
Action,Running
Action,Saluting
Action,Sanding
Action,Sawing
Action,Scratching
Action,Scribbling
Action,Scrubbing
Action,Shaking
Action,Sharpening
Action,Shaving
Action,Shivering
Action,Shoveling
Action,Shredding
Action,Shuffling
Action,Shushing
Action,Sighing
Action,Singing
Action,Sipping
Action,Skipping
Action,Slamming
Action,Slapping
Action,Slicing
Action,Sliding
Action,Smacking lips
Action,Smashing
Action,Smelling
Action,Snapping
Action,Sneezing
Action,Sniffing
Action,Snoring
Action,Sobbing
Action,Spinning
Action,Spitting
Action,Splashing
Action,Spraying
Action,Squatting
Action,Squeezing
Action,Stacking
Action,Stamping
Action,Standing up
Action,Staring
Action,Stepping
Action,Stirring
Action,Stitching
Action,Stomping
Action,Stretching
Action,Strumming
Action,Stumbling
Action,Sucking
Action,Surfing
Action,Swallowing
Action,Swaying
Action,Sweeping
Action,Swimming
Action,Swinging
Action,Tapping
Action,Tearing
Action,Throwing
Action,Tickling
Action,Tiptoeing
Action,Tossing
Action,Tripping
Action,Trotting
Action,Tucking
Action,Tumbling
Action,Turning
Action,Twirling
Action,Twisting
Action,Typing
Action,Uncorking
Action,Unwrapping
Action,Vacuuming
Action,Vaulting
Action,Wadding
Action,Waddling
Action,Walking
Action,Waving
Action,Weaving
Action,Wheezing
Action,Whimpering
Action,Whipping
Action,Whispering
Action,Whistling
Action,Wiggling
Action,Winding up
Action,Winking
Action,Wiping
Action,Wrapping
Action,Wringing
Action,Writing
Action,Yanking
Action,Yawning
Action,Yelping
Action,Yo-yoing
Action,Zipping
Incident,Aftershock
Incident,Air raid
Incident,Alarm
Incident,Ambush
Incident,Arson
Incident,Attack
Incident,Avalanche
Incident,Bank heist
Incident,Barricade
Incident,Battle cry
Incident,Blackout
Incident,Blaze
Incident,Blizzard
Incident,Blowout
Incident,Boating accident
Incident,Bomb scare
Incident,Bomb squad
Incident,Break-in
Incident,Bridge collapse
Incident,Building fire
Incident,Burglary
Incident,Burning rubber
Incident,Burst
Incident,Car alarm
Incident,Car chase
Incident,Car crash
Incident,Carjacking
Incident,Cave-in
Incident,Chaos
Incident,Chemical spill
Incident,Code red
Incident,Collapse
Incident,Collision
Incident,Commotion
Incident,Construction accident
Incident,Contamination
Incident,Counter attack
Incident,Crack
Incident,Crash
Incident,Crossfire
Incident,Cyclone
Incident,Danger zone
Incident,Debris falling
Incident,Demolition
Incident,Derailment
Incident,Detonation
Incident,Disaster
Incident,Distress
Incident,Disturbance
Incident,Downed power line
Incident,Drive-by
Incident,Drought
Incident,Dust storm
Incident,Earthquake
Incident,Electrocution
Incident,Emergency
Incident,Emergency brake
Incident,Emergency landing
Incident,Entrapment
Incident,Eruption
Incident,Escape
Incident,Evacuation
Incident,Explosion
Incident,Fall
Incident,Famine
Incident,Fight
Incident,Fire alarm
Incident,Fire drill
Incident,Fire escape
Incident,Fire truck
Incident,Flat tire
Incident,Flood
Incident,Foul play
Incident,Fracture
Incident,Freefall
Incident,Frostbite
Incident,Fugitive
Incident,Gas leak
Incident,Getaway
Incident,Glass shattering
Incident,Gridlock
Incident,Gunshot
Incident,Hailstorm
Incident,Hazard
Incident,Head-on collision
Incident,Heart attack
Incident,Heat stroke
Incident,Heat wave
Incident,Highway pileup
Incident,Hit and run
Incident,Hold up
Incident,Home invasion
Incident,Hostage
Incident,House fire
Incident,Hunt
Incident,Hurricane
Incident,Impact
Incident,Incident report
Incident,Industrial accident
Incident,Inferno
Incident,Injury
Incident,Intruder
Incident,Invasion
Incident,Jailbreak
Incident,Jet crash
Incident,Kidnapping
Incident,Knockout
Incident,Landslide
Incident,Lava flow
Incident,Leak
Incident,Lightning
Incident,Lockdown
Incident,Manhunt
Incident,Mayday
Incident,Mayhem
Incident,Meltdown
Incident,Meteor strike
Incident,Mine collapse
Incident,Misfire
Incident,Missing person
Incident,Monsoon
Incident,Mudslide
Incident,Near miss
Incident,Nuclear meltdown
Incident,Oil spill
Incident,Outage
Incident,Overboard
Incident,Overflow
Incident,Overturn
Incident,Pandemonium
Incident,Panic
Incident,Pileup
Incident,Pipeline burst
Incident,Plane crash
Incident,Plummet
Incident,Poison
Incident,Power failure
Incident,Power surge
Incident,Prison break
Incident,Protest
Incident,Pursuit
Incident,Quicksand
Incident,Railroad crossing
Incident,Rampage
Incident,Ransack
Incident,Rattle
Incident,Ravage
Incident,Rescue
Incident,Riot
Incident,Roadblock
Incident,Robbery
Incident,Rockslide
Incident,Runaway train
Incident,Rupture
Incident,SOS
Incident,Sabotage
Incident,Sandstorm
Incident,Scream
Incident,Screech
Incident,Search and rescue
Incident,Security breach
Incident,Seizure
Incident,Shattered
Incident,Shipwreck
Incident,Shock
Incident,Shootout
Incident,Short circuit
Incident,Siege
Incident,Signal flare
Incident,Sinkhole
Incident,Siren
Incident,Skid
Incident,Smog
Incident,Smoke alarm
Incident,Sniper
Incident,Spark
Incident,Spill
Incident,Stampede
Incident,Structural failure
Incident,Suffocation
Incident,Suspect
Incident,Swarm
Incident,Tear gas
Incident,Threat
Incident,Thunder
Incident,Tidal wave
Incident,Topple
Incident,Tornado
Incident,Toxic fumes
Incident,Train derailment
Incident,Trap
Incident,Tremor
Incident,Trespasser
Incident,Tsunami
Incident,Turbulence
Incident,Twister
Incident,Underground explosion
Incident,Vandalism
Incident,Vehicle fire
Incident,Volcanic ash
Incident,Wanted
Incident,Warehouse fire
Incident,Warning
Incident,Whirlpool
Incident,Whiteout
Incident,Wildfire
Incident,Windstorm
Incident,Witness
Incident,Wreck
Incident,Wrecking ball
The P's,Alien invasion
The P's,Army sergeant
The P's,Auctioneer
The P's,Captain Hook
The P's,Carnival barker
The P's,Caveman
The P's,Cheerleader
The P's,Chef cooking
The P's,Choir singer
The P's,Circus ringmaster
The P's,Clown
The P's,Coach
The P's,Comedian
The P's,Concert pianist
The P's,Conductor
The P's,Construction worker
The P's,Country singer
The P's,Court jester
The P's,Cowboy
The P's,DJ
The P's,Dentist
The P's,Dinosaur
The P's,Diva
The P's,Doctor
The P's,Drill sergeant
The P's,Drummer
The P's,Farmer
The P's,Firefighter
The P's,Frankenstein
The P's,Genie
The P's,Ghost
The P's,Gladiator
The P's,Goblin
The P's,Gorilla
The P's,Grandma
The P's,Grandpa
The P's,Grim reaper
The P's,Guitarist
The P's,Jack Sparrow
The P's,Jazz musician
The P's,Judge
The P's,Karate master
The P's,King
The P's,Lawnmower man
The P's,Leprechaun
The P's,Librarian
The P's,Lion tamer
The P's,Lumberjack
The P's,Mad scientist
The P's,Magician
The P's,Matador
The P's,Mime
The P's,Monk
The P's,Monster
The P's,Mummy
The P's,Ninja
The P's,Opera singer
The P's,Orchestra conductor
The P's,Pirate
The P's,Plumber
The P's,Police officer
The P's,Preacher
The P's,Princess
The P's,Puppeteer
The P's,Queen
The P's,Race car driver
The P's,Rapper
The P's,Referee
The P's,Robot
The P's,Rock star
The P's,Sailor
The P's,Samurai
The P's,Santa Claus
The P's,Skeleton
The P's,Snake charmer
The P's,Soldier
The P's,Spartan warrior
The P's,Stormtrooper
The P's,Sumo wrestler
The P's,Superhero
The P's,Sword swallower
The P's,Tarzan
The P's,Teacher
The P's,Toddler
The P's,Train conductor
The P's,Trumpet player
The P's,Vampire
The P's,Ventriloquist
The P's,Viking
The P's,Villain
The P's,Werewolf
The P's,Witch
The P's,Wizard
The P's,Wrestler
The P's,Yoga instructor
The P's,Zombie
The P's,Zookeeper
Object,Accordion
Object,Acoustic guitar
Object,Air conditioner
Object,Air horn
Object,Alarm clock
Object,Ambulance siren
Object,Anvil
Object,Arcade machine
Object,Attic fan
Object,Baby rattle
Object,Bagpipe
Object,Balloon
Object,Banjo
Object,Bass guitar
Object,Bathtub draining
Object,Beeper
Object,Bell
Object,Bicycle bell
Object,Bicycle chain
Object,Bingo machine
Object,Blender
Object,Blowhorn
Object,Bongo drum
Object,Bottle opening
Object,Bowling ball
Object,Brake squeal
Object,Bubble wrap
Object,Bulldozer
Object,Bus engine
Object,Buzzer
Object,Cabasa shaker
Object,Camera shutter
Object,Car horn
Object,Cash register
Object,Cell phone
Object,Cello
Object,Cement mixer
Object,Chainsaw
Object,Church bell
Object,Clarinet
Object,Claw machine
Object,Clock ticking
Object,Coffee grinder
Object,Coffee maker
Object,Coin dropping
Object,Compressor
Object,Conveyor belt
Object,Corkscrew
Object,Cowbell
Object,Crane
Object,Cymbal crash
Object,Dial tone
Object,Diesel engine
Object,Dishwasher
Object,Door buzzer
Object,Door creaking
Object,Door slam
Object,Doorknob turning
Object,Drawbridge
Object,Drill press
Object,Drum roll
Object,Drum set
Object,Dryer buzzer
Object,Dumbbell drop
Object,Egg timer
Object,Electric fence
Object,Electric guitar
Object,Electric razor
Object,Elevator
Object,Engine revving
Object,Escalator
Object,Exhaust pipe
Object,Fan
Object,Fax machine
Object,Fire extinguisher
Object,Fireworks
Object,Flute
Object,Fog horn
Object,Food processor
Object,Forklift
Object,French horn
Object,Frying pan sizzle
Object,Furnace
Object,Garage door
Object,Garden hose
Object,Gas stove igniting
Object,Gavel
Object,Gear shifting
Object,Generator
Object,Glass breaking
Object,Glockenspiel
Object,Go-kart
Object,Gong
Object,Grandfather clock
Object,Gravel truck
Object,Grinder
Object,Guitar
Object,Hair dryer
Object,Handsaw
Object,Harmonica
Object,Harp
Object,Helicopter
Object,Horn honking
Object,Hot air balloon burner
Object,Ice cream truck
Object,Ice dispenser
Object,Intercom
Object,Iron sizzling
Object,Jack in the box
Object,Jackhammer
Object,Jet engine
Object,Jigsaw
Object,Jukebox
Object,Kazoo
Object,Kettle whistle
Object,Keyboard clicking
Object,Keys jingling
Object,Kitchen timer
Object,Lawn mower
Object,Leaf blower
Object,Lighter
Object,Lock clicking
Object,Locomotive
Object,Loudspeaker
Object,Mandolin
Object,Maracas
Object,Match striking
Object,Megaphone
Object,Metal detector
Object,Metronome
Object,Microwave
Object,Mixer
Object,Moped
Object,Motorcycle
Object,Music box
Object,Nail gun
Object,Oboe
Object,Organ
Object,Oven timer
Object,PA system
Object,Pager
Object,Paper shredder
Object,Parking meter
Object,Pencil sharpener
Object,Penny whistle
Object,Photocopier
Object,Piano
Object,Pinball machine
Object,Pipe organ
Object,Pogo stick
Object,Popcorn maker
Object,Pot and pan
Object,Power drill
Object,Pressure cooker
Object,Printer
Object,Propeller
Object,Radio static
Object,Record player
Object,Refrigerator hum
Object,Remote control
Object,Revolver
Object,Rice cooker
Object,Roller coaster
Object,Rotary phone
Object,Rubber duck
Object,Saw blade
Object,Saxophone
Object,School bell
Object,Scissors
Object,Sewing machine
Object,Ship horn
Object,Shopping cart
Object,Siren
Object,Skateboard
Object,Slot machine
Object,Smoke detector
Object,Snare drum
Object,Snow blower
Object,Snowmobile
Object,Sonar ping
Object,Space heater
Object,Speed boat
Object,Sprinkler
Object,Squeaky toy
Object,Stapler
Object,Steam engine
Object,Steam iron
Object,Steel drum
Object,Stereo
Object,Stethoscope
Object,Submarine ping
Object,Tambourine
Object,Tank
Object,Tea kettle
Object,Telephone
Object,Thunder sheet
Object,Timer buzzer
Object,Tractor
Object,Traffic light clicking
Object,Train
Object,Trash compactor
Object,Triangle
Object,Trombone
Object,Truck horn
Object,Trumpet
Object,Tuba
Object,Turntable
Object,Typewriter
Object,Ukulele
Object,Vacuum cleaner
Object,Vending machine
Object,Violin
Object,Walkie talkie
Object,Washing machine
Object,Water cooler
Object,Water fountain
Object,Weed whacker
Object,Whistle
Object,Windshield wipers
Object,Wrench
Object,Xylophone
Object,Zipper
Nature,Alligator
Nature,Ant
Nature,Avalanche
Nature,Brook
Nature,Bear
Nature,Beaver
Nature,Bee
Nature,Bird of prey
Nature,Bird wings
Nature,Birds
Nature,Bison
Nature,Branch snapping
Nature,Breeze
Nature,Buffalo
Nature,Bullfrog
Nature,Butterfly
Nature,Cactus wren
Nature,Camel
Nature,Canyon wind
Nature,Cat
Nature,Cattle
Nature,Chameleon
Nature,Cheetah
Nature,Cicada
Nature,Clam
Nature,Coconut
Nature,Coral reef
Nature,Cougar
Nature,Coyote
Nature,Cricket
Nature,Crow
Nature,Deer
Nature,Desert wind
Nature,Dew
Nature,Canyon echo
Nature,Dog
Nature,Dolphin
Nature,Donkey
Nature,Dragonfly
Nature,Duck
Nature,Eagle
Nature,Earth rumble
Nature,Elephant
Nature,Elk
Nature,Falcon
Nature,Falling tree
Nature,Fire
Nature,Firefly
Nature,Flash flood
Nature,Fly
Nature,Footsteps on snow
Nature,Forest fire
Nature,Fox
Nature,Frog
Nature,Gecko
Nature,Geyser
Nature,Glacier
Nature,Goose
Nature,Gorilla
Nature,Grass
Nature,Grasshopper
Nature,Gravel
Nature,Grizzly
Nature,Guinea pig
Nature,Hail
Nature,Hawk
Nature,Hedgehog
Nature,Hen
Nature,Hermit crab
Nature,Hippo
Nature,Hornet
Nature,Horse
Nature,Howler monkey
Nature,Hummingbird
Nature,Hyena
Nature,Ice
Nature,Icicle
Nature,Iguana
Nature,Insect
Nature,Jackal
Nature,Jaguar
Nature,Jay
Nature,Jellyfish
Nature,Katydid
Nature,Kingfisher
Nature,Koala
Nature,Lava
Nature,Leaves
Nature,Lemur
Nature,Leopard
Nature,Lion
Nature,Lizard
Nature,Locust
Nature,Loon
Nature,Lynx
Nature,Magpie
Nature,Mole
Nature,Monkey
Nature,Moose
Nature,Morning birds
Nature,Mosquito
Nature,Mountain echo
Nature,Mountain goat
Nature,Mountain stream
Nature,Mouse
Nature,Mud
Nature,Nightingale
Nature,Ocean wave
Nature,Ocelot
Nature,Orca whale
Nature,Osprey
Nature,Otter
Nature,Owl
Nature,Panther
Nature,Parrot
Nature,Peacock
Nature,Pebbles
Nature,Pelican
Nature,Penguin
Nature,Pheasant
Nature,Pig
Nature,Pigeon
Nature,Pine cone
Nature,Porcupine
Nature,Prairie dog
Nature,Quail
Nature,Rabbit
Nature,Raccoon
Nature,Raindrop
Nature,Rainstorm
Nature,Ram
Nature,Raven
Nature,Rhino
Nature,River rapids
Nature,River stream
Nature,Robin
Nature,Rooster
Nature,Running water
Nature,Salmon
Nature,Sand
Nature,Sandpiper
Nature,Scorpion
Nature,Sea lion
Nature,Seagull
Nature,Seal
Nature,Sheep
Nature,Shore waves
Nature,Sleet
Nature,Sloth
Nature,Snail
Nature,Snake
Nature,Snow
Nature,Sparrow
Nature,Spider web
Nature,Splash
Nature,Squirrel
Nature,Stag beetle
Nature,Starling
Nature,Stingray
Nature,Storm surge
Nature,Swamp
Nature,Swan
Nature,Termite
Nature,Thorn
Nature,Thunderclap
Nature,Tide pool
Nature,Tiger
Nature,Toad
Nature,Toucan
Nature,Tree frog
Nature,Turkey
Nature,Turtle
Nature,Twig
Nature,Viper
Nature,Volcano
Nature,Vulture
Nature,Walrus
Nature,Wasp
Nature,Water buffalo
Nature,Waterfall
Nature,Waves
Nature,Whale
Nature,Whippoorwill
Nature,Wind whistle
Nature,Wild boar
Nature,Wildebeest
Nature,Wind
Nature,Wind gust
Nature,Wolf
Nature,Woodpecker
Nature,Worm
Nature,Yak
Nature,Zebra
